{"stats":{"minecraft:used":{"minecraft:dirt":2,"minecraft:crafting_table":1},"minecraft:mined":{"minecraft:seagrass":2,"minecraft:grass":5,"minecraft:tall_seagrass":1,"minecraft:grass_block":2,"minecraft:oak_log":6,"minecraft:tall_grass":4,"minecraft:sugar_cane":4,"minecraft:crafting_table":1},"minecraft:killed":{"minecraft:sheep":3,"minecraft:zombie":1},"minecraft:custom":{"minecraft:deaths":1,"minecraft:time_since_rest":1,"minecraft:play_one_minute":7974,"minecraft:sprint_one_cm":5656,"minecraft:damage_taken":330,"minecraft:walk_one_cm":11103,"minecraft:walk_under_water_one_cm":1233,"minecraft:mob_kills":4,"minecraft:jump":145,"minecraft:damage_dealt":435,"minecraft:leave_game":2,"minecraft:walk_on_water_one_cm":2449,"minecraft:time_since_death":127,"minecraft:interact_with_crafting_table":1,"minecraft:fall_one_cm":6004,"minecraft:fly_one_cm":20578},"minecraft:crafted":{"minecraft:oak_planks":24,"minecraft:crafting_table":1,"minecraft:stick":4},"minecraft:picked_up":{"minecraft:crafting_table":1,"minecraft:rotten_flesh":4,"minecraft:brown_wool":1,"minecraft:oak_log":6,"minecraft:sugar_cane":8,"minecraft:mutton":5,"minecraft:white_wool":2,"minecraft:dirt":2}},"DataVersion":2586}