{"stats":{"minecraft:killed":{"minecraft:zombie":1},"minecraft:picked_up":{"minecraft:rotten_flesh":2,"minecraft:dirt":2},"minecraft:custom":{"minecraft:jump":24,"minecraft:leave_game":1,"minecraft:time_since_rest":2702,"minecraft:damage_dealt":195,"minecraft:play_one_minute":2702,"minecraft:walk_on_water_one_cm":2164,"minecraft:sprint_one_cm":71,"minecraft:damage_taken":200,"minecraft:time_since_death":2702,"minecraft:walk_one_cm":2346,"minecraft:walk_under_water_one_cm":520,"minecraft:mob_kills":1,"minecraft:fall_one_cm":836,"minecraft:fly_one_cm":647},"minecraft:mined":{"minecraft:seagrass":2,"minecraft:grass":3,"minecraft:tall_seagrass":1,"minecraft:grass_block":2},"minecraft:used":{"minecraft:dirt":2}},"DataVersion":2586}