{"stats":{"minecraft:crafted":{"minecraft:oak_planks":24,"minecraft:crafting_table":1,"minecraft:stick":4},"minecraft:killed":{"minecraft:sheep":3,"minecraft:zombie":1},"minecraft:mined":{"minecraft:seagrass":2,"minecraft:grass":5,"minecraft:tall_seagrass":1,"minecraft:grass_block":2,"minecraft:oak_log":6,"minecraft:tall_grass":4,"minecraft:sugar_cane":4,"minecraft:crafting_table":1},"minecraft:custom":{"minecraft:damage_taken":330,"minecraft:time_since_rest":12501,"minecraft:play_one_minute":22747,"minecraft:sprint_one_cm":6068,"minecraft:walk_one_cm":12054,"minecraft:deaths":1,"minecraft:walk_under_water_one_cm":1233,"minecraft:mob_kills":4,"minecraft:jump":154,"minecraft:damage_dealt":435,"minecraft:leave_game":7,"minecraft:time_since_death":14900,"minecraft:walk_on_water_one_cm":2449,"minecraft:interact_with_crafting_table":1,"minecraft:fly_one_cm":24162,"minecraft:fall_one_cm":6004},"minecraft:used":{"minecraft:dirt":2,"minecraft:crafting_table":1},"minecraft:picked_up":{"minecraft:crafting_table":1,"minecraft:rotten_flesh":4,"minecraft:brown_wool":1,"minecraft:oak_log":6,"minecraft:sugar_cane":8,"minecraft:mutton":5,"minecraft:dirt":2,"minecraft:white_wool":2}},"DataVersion":2586}